Data Series,Public Sector Hospital Admissions,Alexandra Hospital,Changi General Hospital,Khoo Teck Puat Hospital,National University Hospital,Ng Teng Fong General Hospital,Sengkang General Hospital,Singapore General Hospital,Tan Tock Seng Hospital,Communicable Disease Centre,National Centre For Infectious Diseases,Institute Of Mental Health / Woodbridge Hospital,Kandang Kerbau Women's & Children's Hospital,National Heart Centre
2023 Dec,43954,1058,4700,4104,6262,3517,4542,6436,5051,na,693,824,6002,765
2023 Nov,42500,861,4502,4020,6090,3432,4262,6344,4887,na,363,846,6099,794
2023 Oct,44532,923,4651,4228,6283,3630,4439,6743,4947,na,366,932,6584,806
2023 Sep,42655,852,4515,4047,5942,3489,4275,6468,4887,na,264,871,6322,723
2023 Aug,45094,957,4877,4153,6354,3711,4492,6764,5345,na,199,910,6532,800
2023 Jul,43072,924,4445,4004,6053,3431,4402,6499,4875,na,241,890,6492,816
2023 Jun,40952,816,4255,3824,5664,3350,4157,6262,5044,na,278,790,5774,738
2023 May,44191,1025,4480,4068,5986,3553,4461,6641,5226,na,501,869,6608,773
2023 Apr,42461,940,4470,3759,5768,3376,4135,6291,4992,na,552,793,6564,821
2023 Mar,45337,1104,4847,3907,6268,3630,4317,6820,5441,na,277,833,7037,856
2023 Feb,40256,922,4272,3346,5593,3251,4088,5860,4852,na,152,753,6401,766
2023 Jan,39761,873,4242,3548,5557,3361,3832,5764,4825,na,159,726,6173,701
2022 Dec,41744,989,4510,3676,5715,3441,4025,6235,5113,na,209,751,6297,783
2022 Nov,41389,956,4382,3657,5671,3382,3857,6237,4922,na,355,757,6504,709
2022 Oct,42611,817,4515,3547,5855,3588,4116,6394,4888,na,637,785,6723,746
2022 Sep,42215,858,4456,3617,5812,3593,3907,6482,4858,na,294,766,6718,854
2022 Aug,42746,908,4495,3786,5754,3772,4180,6348,4786,na,538,824,6561,794
2022 Jul,43640,754,4495,3609,5929,3784,4170,6518,4923,na,910,832,6862,854
2022 Jun,42334,828,4397,3708,5720,3549,3917,6484,4780,na,559,760,6817,815
2022 May,40609,794,4312,3584,5414,3350,3855,6124,4546,na,615,792,6498,725
2022 Apr,39691,779,4327,3591,5384,3222,3869,5967,4268,na,648,838,6032,766
2022 Mar,42387,725,4683,3634,5551,3667,4222,6340,4363,na,1053,855,6507,787
2022 Feb,35994,620,3715,3137,5011,3062,3610,5504,3274,na,921,634,5947,559
2022 Jan,39703,665,4170,3687,5571,3285,3923,6155,4119,na,521,746,6136,725
2021 Dec,38789,676,3996,3556,5642,3266,3667,5936,4028,na,671,678,5930,743
2021 Nov,38417,732,3952,3411,5313,3475,3595,5741,3553,na,1174,630,6157,684
2021 Oct,38369,735,4149,3305,5282,3268,3648,5636,3296,na,1546,694,6109,701
2021 Sep,40430,769,4274,3613,5585,3060,3677,6343,4023,na,1594,695,6014,783
2021 Aug,38681,599,4156,3485,5559,3112,3668,6000,4178,na,727,647,5771,779
2021 Jul,40770,664,4192,3796,5863,3310,3968,6451,4424,na,751,689,5811,851
2021 Jun,36495,626,4030,3518,5390,3168,3558,6072,3268,na,485,666,5010,704
2021 May,34720,630,3955,3369,5182,3080,3449,5897,1576,na,595,630,5587,770
2021 Apr,40168,734,4320,3483,5646,3099,3602,6416,4649,na,592,781,6011,835
2021 Mar,41414,747,4476,3506,6000,3148,3761,6750,4865,na,482,791,5957,931
2021 Feb,34814,602,3880,3236,4805,2541,3125,5709,4235,na,434,668,4860,719
2021 Jan,38086,760,4264,3421,5269,2766,3407,6373,4502,na,546,657,5282,839
2020 Dec,39918,859,4508,3505,5579,3073,3462,6731,4719,na,522,757,5354,849
2020 Nov,37361,787,4262,3250,5102,2915,3483,6389,4210,na,363,665,5134,801
2020 Oct,40268,789,4611,3556,5640,3194,3805,6884,4470,na,330,740,5374,875
2020 Sep,38025,678,4060,3271,5554,3019,3737,6469,4201,na,365,763,5099,809
2020 Aug,38168,681,4257,3291,5303,3057,3714,6408,4233,na,624,640,5164,796
2020 Jul,39344,737,4518,3113,5426,3211,3939,6674,4121,na,924,730,5188,763
2020 Jun,35668,621,4105,2910,4789,2789,3684,6024,3675,na,827,713,4874,657
2020 May,36018,933,3850,3111,4537,3400,3516,5573,3649,na,2079,476,4313,581
2020 Apr,35142,770,3931,3198,4452,3063,3248,5432,3139,na,2294,703,4333,579
2020 Mar,36241,727,3957,3170,5013,2929,3383,5557,4162,na,840,710,5119,674
2020 Feb,34612,667,3713,3100,4910,2885,3019,5166,4120,na,848,732,4892,560
2020 Jan,42524,648,4486,3887,5967,3431,3679,6568,5277,na,362,797,6547,875
2019 Dec,42686,736,4762,3920,5941,3288,3595,6917,5151,na,241,777,6512,846
2019 Nov,42102,691,4423,3757,6058,3365,3484,6994,5078,na,212,786,6312,942
2019 Oct,42164,575,4466,3765,6060,3472,3438,7044,5093,na,205,789,6333,924
2019 Sep,39750,499,4028,3498,5719,3229,3242,6788,4795,na,268,764,6065,855
2019 Aug,41629,499,4341,3709,5931,3431,3380,6829,5086,na,371,815,6303,934
2019 Jul,43792,574,4385,3946,6097,3577,3500,7358,5251,na,422,767,6985,930
2019 Jun,40029,527,4064,3669,5736,3198,3259,6654,4853,na,305,715,6146,903
2019 May,42081,533,4349,3876,6098,3434,3255,6949,5165,na,239,783,6474,926
2019 Apr,40612,462,4231,3621,5866,3434,3125,6733,4939,na,184,847,6293,877
2019 Mar,41660,488,4223,3796,6184,3447,3169,6984,5087,na,174,801,6341,966
2019 Feb,35724,425,3653,3313,5236,3013,2719,5801,4413,na,147,674,5573,757
2019 Jan,40944,510,4348,3652,5896,3462,3015,6624,5024,na,199,716,6618,880
2018 Dec,40418,601,4213,3561,5794,3421,2796,6597,4922,na,277,714,6696,826
2018 Nov,40080,513,4271,3572,5774,3433,2762,6535,4886,311,na,787,6396,840
2018 Oct,40462,525,4237,3777,5888,3646,2461,6672,4874,343,na,770,6362,907
2018 Sep,37759,439,4032,3650,5783,3292,1341,6343,4639,352,na,724,6312,852
2018 Aug,39208,472,4291,3899,6077,3412,491,7003,5197,353,na,783,6345,885
2018 Jul,39309,518,4494,3946,6032,3419,17,7073,5269,377,na,803,6445,916
2018 Jun,37331,323,4251,3812,5732,3373,na,6798,4960,348,na,755,6104,875
2018 May,38874,279,4302,4078,6103,3544,na,7128,5148,397,na,769,6226,900
2018 Apr,37785,449,4192,3862,5925,3461,na,6865,4877,385,na,778,6087,904
2018 Mar,39695,542,4463,4109,6346,3550,na,7092,4921,432,na,805,6441,994
2018 Feb,34470,518,3824,3581,5287,3126,na,6191,4461,343,na,731,5634,774
2018 Jan,39096,642,4385,4003,6052,3704,na,7060,4865,339,na,796,6332,918
2017 Dec,37927,511,4287,4032,5909,3585,na,6699,4874,330,na,790,6033,877
2017 Nov,38038,523,4359,4001,5861,3508,na,6915,4673,355,na,818,6206,819
2017 Oct,37833,557,4327,3959,5816,3691,na,6796,4695,362,na,767,5981,882
2017 Sep,36079,485,4139,3760,5319,3399,na,6713,4519,349,na,698,5846,852
2017 Aug,38296,598,4382,4027,5634,3763,na,7034,4780,346,na,771,6124,837
2017 Jul,38121,633,4309,3873,5588,3631,na,6915,4761,345,na,786,6367,913
2017 Jun,37483,700,4250,3886,5331,3781,na,6746,4785,364,na,803,5960,877
2017 May,38379,765,4340,3994,5375,3840,na,6782,4891,353,na,844,6325,870
2017 Apr,36350,527,4045,3904,4935,3656,na,6552,4575,378,na,712,6220,846
2017 Mar,38556,525,4416,4023,5310,3786,na,6937,4940,347,na,865,6464,943
2017 Feb,34090,372,3958,3544,4669,3356,na,6327,4456,285,na,717,5645,761
2017 Jan,35046,272,4017,3607,5050,3383,na,6316,4682,318,na,745,5931,725
2016 Dec,36215,291,4208,3840,5100,3379,na,6686,4719,328,na,696,6165,803
2016 Nov,35822,261,4147,3696,5099,3295,na,6767,4623,304,na,741,6083,806
2016 Oct,35617,293,4084,3582,5022,3314,na,6793,4702,287,na,731,6032,777
2016 Sep,35087,354,3978,3519,4991,3273,na,6722,4472,300,na,733,5943,802
2016 Aug,36795,461,4269,3621,5213,3439,na,6762,4875,415,na,762,6208,770
2016 Jul,36320,442,4212,3461,5213,3413,na,6839,4769,300,na,692,6184,795
2016 Jun,35792,397,4010,3376,5062,3283,na,6773,4823,320,na,756,6225,767
2016 May,35468,207,4025,3246,5082,3115,na,6803,4802,320,na,795,6295,778
2016 Apr,35475,182,4065,3272,5049,3166,na,7092,4662,310,na,854,6015,808
2016 Mar,36198,114,4043,3442,5085,3120,na,7221,4977,365,na,793,6178,860
2016 Feb,32389,81,3747,3033,4568,2893,na,6083,4493,343,na,737,5778,633
2016 Jan,34513,75,3977,3214,4842,2944,na,6682,4821,379,na,738,6108,733
2015 Dec,34777,81,3974,3314,4826,2904,na,6914,4768,364,na,797,6084,751
2015 Nov,32187,93,3705,2945,4474,2665,na,6271,4383,299,na,708,5961,683
2015 Oct,34543,85,4006,3214,4749,2668,na,7173,4686,311,na,797,6090,764
2015 Sep,32158,42,3711,2927,4665,2188,na,6742,4309,308,na,787,5729,750
2015 Aug,31594,13,3770,2779,4823,1580,na,6599,4359,314,na,733,5859,765
2015 Jul,32939,na,3895,3016,5185,1178,na,7268,4583,316,na,801,5861,836
2015 Jun,31790,926,3551,2994,5072,na,na,7118,4353,312,na,776,5912,776
2015 May,33074,1404,3706,3052,5058,na,na,7241,4500,327,na,749,6304,733
2015 Apr,32479,1412,3558,2980,5202,na,na,6948,4527,278,na,757,6038,779
2015 Mar,32696,1467,3655,3056,5287,na,na,6899,4490,303,na,722,5995,822
2015 Feb,28071,1293,3183,2597,4678,na,na,5747,3943,244,na,655,5094,637
2015 Jan,32651,1469,3546,2992,5121,na,na,6952,4605,293,na,704,6176,793
2014 Dec,31704,1441,3490,2985,5143,na,na,6375,4711,266,na,771,5791,731
2014 Nov,31294,1410,3333,2884,5090,na,na,6606,4556,267,na,707,5689,752
2014 Oct,32420,1475,3381,3025,5282,na,na,6747,4615,286,na,850,6070,689
2014 Sep,32037,1526,3253,3061,5153,na,na,6699,4540,302,na,808,6045,650
2014 Aug,32557,1526,3462,2988,5365,na,na,6799,4487,311,na,762,6111,746
2014 Jul,33105,1548,3438,3059,5303,na,na,6939,4607,341,na,787,6301,782
2014 Jun,31917,1566,3422,3097,4979,na,na,6697,4281,339,na,719,6086,731
2014 May,32531,1505,3466,3226,5078,na,na,6716,4521,343,na,754,6107,815
2014 Apr,31819,1400,3410,3101,5111,na,na,6666,4534,283,na,743,5762,809
2014 Mar,31853,1398,3490,3035,5261,na,na,6611,4416,285,na,780,5741,836
2014 Feb,28424,1380,3022,2763,4521,na,na,5842,3792,292,na,672,5359,781
2014 Jan,32050,1511,3618,3099,5223,na,na,6560,4481,276,na,697,5751,834
2013 Dec,31111,1414,3408,2836,5029,na,na,6302,4431,302,na,741,5935,713
2013 Nov,31476,1445,3377,2815,5079,na,na,6580,4503,285,na,686,5836,870
2013 Oct,32219,1468,3524,3039,5117,na,na,6744,4487,297,na,682,6065,796
2013 Sep,30784,1414,3405,2912,4778,na,na,6450,4282,283,na,737,5806,717
2013 Aug,30817,1444,3487,2968,4924,na,na,6381,4318,250,na,632,5560,853
2013 Jul,31786,1352,3603,2969,5061,na,na,6823,4648,314,na,684,5463,869
2013 Jun,31036,1394,3610,2973,4932,na,na,6499,4411,373,na,599,5446,799
2013 May,31689,1388,3625,3009,4902,na,na,6907,4421,289,na,707,5634,807
2013 Apr,31245,1325,3652,2936,4809,na,na,6723,4354,288,na,739,5633,786
2013 Mar,31560,1335,3768,2762,4853,na,na,6702,4353,243,na,665,5988,891
2013 Feb,27563,1192,3232,2442,4361,na,na,5853,4048,254,na,548,4965,668
2013 Jan,31735,1407,3552,2781,4982,na,na,6687,4608,313,na,690,5957,758
2012 Dec,30211,1278,3329,2611,5105,na,na,6435,4336,231,na,689,5491,706
2012 Nov,30210,1229,3327,2572,4856,na,na,6574,4223,239,na,627,5777,786
2012 Oct,31147,1303,3451,2563,4945,na,na,6639,4464,263,na,692,6080,747
2012 Sep,29219,1299,3230,2381,4483,na,na,6365,3999,229,na,639,5793,801
2012 Aug,30363,1337,3499,2541,4740,na,na,6354,4402,231,na,696,5758,805
2012 Jul,31175,1352,3512,2532,4800,na,na,6688,4508,264,na,707,5961,851
2012 Jun,30160,1235,3295,2384,4796,na,na,6568,4443,258,na,701,5632,848
2012 May,30887,1278,3463,2525,4775,na,na,6680,4637,257,na,665,5713,894
2012 Apr,29758,1211,3299,2503,4475,na,na,6491,4446,215,na,727,5607,784
2012 Mar,31420,1309,3514,2421,4760,na,na,7037,4620,255,na,815,5747,942
2012 Feb,29362,1245,3375,2206,4499,na,na,6374,4425,222,na,732,5429,855
2012 Jan,28546,1252,3216,2189,4462,na,na,6095,4454,151,na,692,5343,692
2011 Dec,30211,1342,3295,2335,4721,na,na,6418,4840,134,na,830,5510,786
2011 Nov,30075,1259,3363,2421,4648,na,na,6414,4573,124,na,781,5760,732
2011 Oct,29843,1225,3238,2294,4618,na,na,6136,4684,135,na,784,5975,754
2011 Sep,29945,1206,3330,2258,4605,na,na,6305,4854,127,na,782,5684,794
2011 Aug,29092,1143,3245,2228,4475,na,na,6108,4879,137,na,805,5342,730
2011 Jul,30745,1224,3393,2431,4620,na,na,6461,4955,171,na,862,5820,808
2011 Jun,30429,1155,3280,2394,4971,na,na,6349,4761,165,na,791,5741,822
2011 May,29678,1094,3261,2375,4830,na,na,6046,4594,131,na,800,5798,749
2011 Apr,29927,1091,3205,2516,4841,na,na,6318,4495,115,na,801,5698,847
2011 Mar,31116,1094,3375,2428,5040,na,na,6577,4840,119,na,842,5838,963
2011 Feb,26051,873,2802,2207,4294,na,na,5616,3867,89,na,711,4810,782
2011 Jan,29914,1036,3092,2546,4950,na,na,6199,4808,127,na,839,5495,822
2010 Dec,29350,960,3119,2420,4983,na,na,6178,4648,114,na,794,5328,806
2010 Nov,27916,906,2989,2248,4625,na,na,5948,4327,114,na,791,5110,858
2010 Oct,30131,1011,3155,2336,5004,na,na,6442,4760,110,na,879,5541,893
2010 Sep,29034,983,2930,2176,4848,na,na,6346,4667,141,na,793,5307,843
2010 Aug,29337,831,3030,1675,5075,na,na,6223,4883,151,na,885,5732,852
2010 Jul,30283,1045,3473,1180,5318,na,na,6514,5195,162,na,841,5635,920
2010 Jun,28609,1471,3262,19,5200,na,na,6313,5178,141,na,811,5389,825
2010 May,28844,1491,3451,na,5165,na,na,6312,5019,131,na,825,5597,853
2010 Apr,28182,1513,3244,na,5185,na,na,5959,5149,119,na,794,5355,864
2010 Mar,29178,1672,3355,na,5215,na,na,6203,5319,134,na,848,5505,927
2010 Feb,24484,1408,2868,na,4269,na,na,5145,4532,131,na,707,4706,718
2010 Jan,27984,1639,3314,na,4955,na,na,6023,4866,179,na,791,5353,864
2009 Dec,28168,1655,3469,na,5051,na,na,5857,5068,141,na,837,5205,885
2009 Nov,26932,1547,3218,na,4679,na,na,5806,4733,188,na,697,5234,830
2009 Oct,29019,1645,3647,na,5245,na,na,6162,5017,212,na,795,5425,871
2009 Sep,27243,1578,3275,na,4895,na,na,5762,4857,178,na,763,5177,758
2009 Aug,28143,1546,3454,na,5007,na,na,6079,4838,334,na,718,5301,866
2009 Jul,28948,1670,3572,na,5079,na,na,6222,4855,388,na,697,5568,897
2009 Jun,28187,1624,3542,na,4795,na,na,5951,4648,841,na,755,5274,757
2009 May,26675,1605,3406,na,4643,na,na,5388,4731,330,na,692,5137,743
2009 Apr,28568,1839,3557,na,4856,na,na,6108,4800,305,na,813,5478,812
2009 Mar,28575,1777,3519,na,4898,na,na,6163,4738,276,na,863,5471,870
2009 Feb,25867,1674,3214,na,4408,na,na,5601,4229,250,na,707,4966,818
2009 Jan,26270,1716,3272,na,4630,na,na,5593,4500,313,na,723,4804,719
2008 Dec,27639,1857,3378,na,4787,na,na,5765,4623,321,na,761,5365,782
2008 Nov,27162,1709,3389,na,4625,na,na,5903,4554,292,na,655,5253,782
2008 Oct,27909,1807,3712,na,4609,na,na,5948,4750,320,na,749,5198,816
2008 Sep,27411,1745,3544,na,4658,na,na,5740,4481,363,na,728,5347,805
2008 Aug,27183,1809,3563,na,4626,na,na,5693,4428,374,na,737,5042,911
2008 Jul,28492,1984,3746,na,4781,na,na,6047,4539,303,na,788,5410,894
2008 Jun,26471,1875,3345,na,4503,na,na,5656,4274,261,na,755,4961,841
2008 May,27926,1870,3696,na,4647,na,na,6100,4211,261,na,784,5554,803
2008 Apr,28486,1848,3777,na,4803,na,na,6095,4582,311,na,752,5468,850
2008 Mar,27851,1728,3685,na,4601,na,na,5861,4547,208,na,719,5660,842
2008 Feb,25575,1604,3352,na,4370,na,na,5373,4305,196,na,724,4937,714
2008 Jan,27966,1640,3735,na,4729,na,na,6014,4771,245,na,732,5263,837
2007 Dec,26318,1552,3577,na,4371,na,na,5651,4529,205,na,646,5037,750
2007 Nov,27133,1589,3539,na,4534,na,na,5804,4492,185,na,782,5375,833
2007 Oct,27743,1757,3659,na,4673,na,na,6126,4680,223,na,766,5072,787
2007 Sep,26727,1676,3418,na,4480,na,na,5888,4402,244,na,714,5179,726
2007 Aug,28135,1766,3746,na,4762,na,na,6217,4467,247,na,743,5354,833
2007 Jul,27971,1847,3728,na,4791,na,na,6267,4497,346,na,706,4960,829
2007 Jun,27393,1749,3651,na,4606,na,na,6185,4414,372,na,680,4945,791
2007 May,28547,1819,3663,na,4707,na,na,6556,4564,250,na,704,5499,785
2007 Apr,26842,1717,3583,na,4383,na,na,6128,4331,215,na,690,5057,738
2007 Mar,28556,1827,3600,na,4725,na,na,6588,4569,209,na,741,5343,954
2007 Feb,23638,1580,3073,na,3749,na,na,5458,4044,149,na,610,4300,675
2007 Jan,26769,1670,3390,na,4388,na,na,6235,4435,201,na,635,5021,794
2006 Dec,26763,1753,3346,na,4568,na,na,6263,4329,147,na,701,4799,857
2006 Nov,26255,1719,3157,na,4284,na,na,6236,4464,107,na,651,4872,765
2006 Oct,26108,1636,3010,na,4260,na,na,6099,4464,125,na,706,5077,731
2006 Sep,26715,1684,2995,na,4430,na,na,6316,4462,142,na,687,5171,828
2006 Aug,27451,1660,3357,na,4462,na,na,6241,4698,178,na,689,5279,887
2006 Jul,27410,1747,3473,na,4467,na,na,6342,4604,189,na,748,4973,867
2006 Jun,27308,1692,3316,na,4635,na,na,6387,4206,274,na,901,5074,823
2006 May,26318,1678,3290,na,4399,na,na,6261,4137,185,na,675,4895,798
2006 Apr,25385,1739,3119,na,4276,na,na,5867,4075,132,na,638,4746,793
2006 Mar,27785,1736,3679,na,4480,na,na,6648,4497,139,na,754,4984,868
2006 Feb,23765,1579,3183,na,3747,na,na,5540,3849,126,na,517,4534,690
2006 Jan,24998,1613,3221,na,4012,na,na,5627,4180,140,na,578,4971,656
2005 Dec,26510,1662,3416,na,4222,na,na,6335,4409,213,na,629,4909,715
2005 Nov,25092,1604,3259,na,3991,na,na,5758,4167,208,na,594,4799,712
2005 Oct,27040,1750,3278,na,4301,na,na,6230,4345,410,na,630,5315,781
2005 Sep,27392,1813,3403,na,4306,na,na,6201,4276,592,na,613,5415,773
2005 Aug,27214,1762,3419,na,4173,na,na,6344,4200,549,na,699,5317,751
2005 Jul,27499,1767,3582,na,4181,na,na,6446,4270,623,na,691,5117,822
2005 Jun,26695,1863,3497,na,4138,na,na,6202,4117,505,na,718,4920,735
2005 May,25500,1672,3225,na,3933,na,na,5900,4162,348,na,683,4910,667
2005 Apr,25155,1815,3483,na,4043,na,na,4988,4228,388,na,684,4847,679
2005 Mar,27098,2026,3688,na,4068,na,na,6390,4443,369,na,762,4663,689
2005 Feb,23553,1432,3243,na,3627,na,na,5254,4115,350,na,612,4320,600
2005 Jan,26401,1730,3588,na,3993,na,na,6145,4402,351,na,652,4867,673
2004 Dec,27470,1744,3799,na,4246,na,na,6287,4651,371,na,670,4952,750
2004 Nov,25925,1597,3552,na,4027,na,na,5905,4297,329,na,624,4908,686
2004 Oct,27829,1752,3647,na,4451,na,na,6190,4642,338,na,647,5396,766
2004 Sep,26540,1665,3472,na,4299,na,na,6031,4360,363,na,646,4942,762
2004 Aug,26673,1628,3705,na,4415,na,na,5920,4266,406,na,642,4940,751
2004 Jul,27214,1585,3609,na,4555,na,na,6252,4327,386,na,652,5068,780
2004 Jun,25295,1650,3278,na,4256,na,na,5727,4030,358,na,615,4658,723
2004 May,25670,1535,3242,na,4468,na,na,5808,4183,327,na,543,4902,662
2004 Apr,25855,1566,3180,na,4376,na,na,5702,4348,279,na,673,4908,823
2004 Mar,26167,1633,3247,na,4563,na,na,5719,3871,281,na,650,4814,741
2004 Feb,23841,1376,2930,na,4131,na,na,5247,3548,231,na,557,4453,773
2004 Jan,22650,1263,2773,na,3856,na,na,4994,3534,268,na,608,4127,628
2003 Dec,24293,1406,3011,na,4112,na,na,5386,3729,297,na,615,4450,640
2003 Nov,23486,1286,2920,na,3950,na,na,5089,3555,337,na,548,4565,656
2003 Oct,24907,1232,3019,na,4018,na,na,5223,3934,278,na,594,5200,708
2003 Sep,23157,1159,2898,na,3830,na,na,4788,3520,287,na,618,4793,627
2003 Aug,22826,1121,2990,na,3943,na,na,4986,3303,206,na,571,4479,676
2003 Jul,21688,1336,3012,na,3854,na,na,4747,2758,194,na,547,4066,734
2003 Jun,18864,1346,2925,na,4040,na,na,4118,1036,224,na,560,3933,573
2003 May,16918,1623,3067,na,3289,na,na,3090,672,296,na,574,3957,338
2003 Apr,16963,1642,2921,na,3033,na,na,3629,613,325,na,665,3705,397
2003 Mar,26484,1576,3560,na,4351,na,na,5911,3392,292,na,689,5352,838
2003 Feb,22999,1294,2884,na,3733,na,na,4774,3507,241,na,493,4764,772
2003 Jan,28106,1506,3557,na,4536,na,na,6062,4239,232,na,629,5740,887
2002 Dec,25578,1124,3194,na,4019,na,na,5459,4083,217,na,559,5494,818
2002 Nov,25698,1237,3098,na,4076,na,na,5445,4047,220,na,587,5456,857
2002 Oct,26781,1349,3497,na,4227,na,na,5736,4343,300,na,672,5063,908
2002 Sep,25219,1241,3222,na,3997,na,na,5422,3825,308,na,592,5202,813
2002 Aug,26856,1317,3457,na,4379,na,na,5870,4099,351,na,693,5181,893
2002 Jul,26759,1355,3350,na,4177,na,na,5940,4147,318,na,682,5199,906
2002 Jun,25441,1292,3169,na,4015,na,na,5690,3888,251,na,572,5042,887
2002 May,26959,1549,3086,na,4413,na,na,5887,4129,248,na,580,5473,887
2002 Apr,26367,1344,3248,na,4265,na,na,5888,4006,247,na,646,5180,889
2002 Mar,26843,1355,3258,na,4229,na,na,6136,4101,224,na,657,5152,852
2002 Feb,22558,1112,2767,na,3550,na,na,4768,3635,190,na,695,4477,640
2002 Jan,25538,1299,3129,na,4087,na,na,5579,4095,207,na,574,4902,812
2001 Dec,23887,1189,2845,na,3869,na,na,5093,3909,186,na,573,4719,680
2001 Nov,24896,1096,2825,na,3991,na,na,5548,3948,177,na,531,5230,760
2001 Oct,26414,1233,3198,na,4236,na,na,5981,4133,193,na,532,5205,823
2001 Sep,24278,1100,3013,na,3925,na,na,5546,3813,191,na,499,4611,766
2001 Aug,25772,1166,3179,na,3967,na,na,6015,4013,200,na,550,4990,865
2001 Jul,26250,1301,3213,na,3991,na,na,6077,4043,214,na,594,5079,889
2001 Jun,24917,1167,3003,na,3656,na,na,5770,3894,220,na,556,5075,780
2001 May,26110,1251,3070,na,3814,na,na,5925,4047,175,na,611,5597,778
2001 Apr,25976,1193,3075,na,3897,na,na,5821,4037,191,na,629,5519,730
2001 Mar,26195,1243,3181,na,3965,na,na,5362,4199,198,na,610,5469,769
2001 Feb,24287,1277,2935,na,3736,na,na,5027,3719,137,na,562,5084,685
2001 Jan,25613,1358,3033,na,3980,na,na,5006,4054,159,na,631,5475,700
2000 Dec,24407,1226,2906,na,3700,na,na,4939,3963,120,na,612,5112,661
2000 Nov,25468,1310,2970,na,3817,na,na,5265,3875,150,na,582,5608,750
2000 Oct,26166,1149,2991,na,4141,na,na,5331,3999,167,na,475,5828,790
2000 Sep,25447,1051,2833,na,3928,na,na,5125,4010,183,na,544,5817,776
2000 Aug,25976,1121,2975,na,3947,na,na,5388,3994,150,na,538,5816,804
2000 Jul,25931,1186,2918,na,3837,na,na,5385,4071,182,na,522,5671,867
2000 Jun,24949,1194,2876,na,3641,na,na,5112,3902,203,na,532,5543,794
2000 May,26554,1276,2963,na,3889,na,na,5462,3980,160,na,532,6284,799
2000 Apr,25222,1187,2913,na,3809,na,na,5095,3969,156,na,564,5627,786
2000 Mar,26147,1334,2961,na,3842,na,na,5155,3972,206,na,582,6091,793
2000 Feb,24124,1123,2706,na,3558,na,na,4871,3691,179,na,537,5548,758
2000 Jan,25141,1087,2947,na,3726,na,na,5168,3907,167,na,587,5485,890
1999 Dec,24483,1176,2814,na,3562,na,na,4817,3828,172,na,556,5655,760
1999 Nov,24679,1125,2894,na,3617,na,na,5203,3734,177,na,550,5473,841
1999 Oct,25332,1235,2856,na,3843,na,na,5192,3870,184,na,580,5664,829
1999 Sep,24430,1226,2751,na,3678,na,na,4937,3695,172,na,587,5553,762
1999 Aug,24455,1124,2870,na,3580,na,na,4871,3642,239,na,514,5769,824
1999 Jul,24667,1308,2786,na,3646,na,na,5133,3495,222,na,619,5560,873
1999 Jun,23773,1136,2741,na,3480,na,na,5020,3484,220,na,530,5291,723
1999 May,23737,1188,2699,na,3646,na,na,4844,3855,219,na,524,5514,798
1999 Apr,23388,1278,2799,na,3648,na,na,5414,3151,238,na,535,5306,860
1999 Mar,25268,1380,2915,na,3708,na,na,5754,4083,270,na,620,5521,867
1999 Feb,21689,1236,2563,na,3308,na,na,4911,3482,221,na,493,4617,740
1999 Jan,24805,1474,2899,na,3854,na,na,5711,3873,248,na,538,5234,836
1998 Dec,23276,1264,2698,na,3500,na,na,6055,3815,255,na,514,5030,na
1998 Nov,23450,1152,2739,na,3680,na,na,6198,3652,287,na,541,5052,na
1998 Oct,23977,1191,2688,na,3507,na,na,6187,3856,306,na,529,5568,na
1998 Sep,24155,1259,2741,na,3623,na,na,6166,3787,394,na,560,5490,na
1998 Aug,24799,1237,2874,na,3606,na,na,6323,3978,451,na,594,5593,na
1998 Jul,24775,1262,2867,na,3643,na,na,6614,3801,400,na,543,5484,na
1998 Jun,23854,1230,2737,na,3413,na,na,6570,3623,302,na,574,5261,na
1998 May,23836,1401,2765,na,3517,na,na,6255,3629,270,na,533,5358,na
1998 Apr,23067,1356,2571,na,3490,na,na,5787,3511,287,na,615,5345,na
1998 Mar,24412,1472,2696,na,3794,na,na,6302,3650,290,na,579,5515,na
1998 Feb,22414,1369,2300,na,3353,na,na,6149,3452,306,na,560,4809,na
1998 Jan,21938,1304,2389,na,3249,na,na,5718,3360,238,na,545,5039,na
1997 Dec,23340,1386,2441,na,3441,na,na,6057,3624,302,na,546,5415,na
1997 Nov,23083,1356,2309,na,3600,na,na,6060,3425,239,na,547,5424,na
1997 Oct,23055,1252,2212,na,3348,na,na,6147,3455,221,na,600,5682,na
1997 Sep,22631,1310,2301,na,3460,na,na,5989,3236,299,na,560,5337,na
1997 Aug,22731,1303,2388,na,3465,na,na,5943,3317,369,na,569,5224,na
1997 Jul,23917,1529,2351,na,3675,na,na,6546,3472,408,na,571,5217,na
1997 Jun,22907,1541,2333,na,3534,na,na,6261,3191,423,na,566,4924,na
1997 May,23710,1611,2250,na,3860,na,na,6523,3544,355,na,587,4836,na
1997 Apr,23437,1583,2437,na,3711,na,na,7252,3940,340,na,560,3481,na
1997 Mar,23333,1495,2001,na,3843,na,na,7565,3841,340,na,605,3232,na
1997 Feb,19911,1309,756,na,3221,na,na,6265,3339,249,na,537,2857,na
1997 Jan,23284,1378,74,na,3829,na,na,7380,3855,358,na,579,3308,na
1996 Dec,23392,1351,na,na,3870,na,na,7513,3773,313,na,549,3399,na
1996 Nov,22876,1290,na,na,3730,na,na,7169,3663,308,na,566,3607,na
1996 Oct,24543,1418,na,na,3930,na,na,7833,4070,410,na,662,3546,na
1996 Sep,23762,1411,na,na,3789,na,na,7484,3862,412,na,542,3570,na
1996 Aug,23153,1343,na,na,3834,na,na,7380,3780,320,na,523,3339,na
1996 Jul,24494,1526,na,na,3921,na,na,7778,4151,340,na,579,3362,na
1996 Jun,22730,1356,na,na,3875,na,na,7315,3679,271,na,583,3125,na
1996 May,23881,1511,na,na,4014,na,na,7633,3851,234,na,616,3250,na
1996 Apr,22309,1321,na,na,3709,na,na,7063,3529,249,na,632,3217,na
1996 Mar,23003,1388,na,na,3639,na,na,7329,3674,217,na,639,3284,na
1996 Feb,19894,1157,na,na,3236,na,na,6041,3316,183,na,580,2919,na
1996 Jan,23748,1470,na,na,3997,na,na,7614,3792,245,na,619,3234,na
1995 Dec,22146,1337,na,na,3646,na,na,7003,3483,219,na,566,3258,na
1995 Nov,22760,1553,na,na,3643,na,na,7176,3613,221,na,565,3257,na
1995 Oct,23322,1313,na,na,3928,na,na,7337,3901,230,na,561,3418,na
1995 Sep,22322,1236,na,na,3650,na,na,7096,3656,195,na,549,3403,na
1995 Aug,22812,1241,na,na,3677,na,na,7384,3616,209,na,599,3400,na
1995 Jul,22501,1262,na,na,3654,na,na,7398,3567,228,na,553,3217,na
1995 Jun,22161,1258,na,na,3490,na,na,7328,3543,161,na,559,3221,na
1995 May,23202,1351,na,na,3595,na,na,7767,3824,175,na,567,3309,na
1995 Apr,21149,1210,na,na,3273,na,na,6642,3580,247,na,608,3062,na
1995 Mar,22590,1246,na,na,3586,na,na,7336,3867,238,na,618,3118,na
1995 Feb,20445,1104,na,na,3172,na,na,6804,3517,170,na,536,2763,na
1995 Jan,20732,1092,na,na,3248,na,na,6796,3466,166,na,564,2980,na
1994 Dec,21479,1194,na,na,3454,na,na,6983,3368,154,na,518,3332,na
1994 Nov,20872,1165,na,na,3351,na,na,6798,3216,167,na,552,3261,na
1994 Oct,21849,1259,na,na,3324,na,na,7114,3395,152,na,556,3493,na
1994 Sep,21595,1341,na,na,3369,na,na,7025,3257,176,na,565,3390,na
1994 Aug,21737,1225,na,na,3339,na,na,7217,3386,205,na,551,3252,na
1994 Jul,21759,1249,na,na,3383,na,na,7206,3469,183,na,548,3095,na
1994 Jun,21669,1159,na,na,3448,na,na,7178,3362,174,na,572,3162,na
1994 May,21838,1189,na,na,3432,na,na,7309,3481,180,na,531,3206,na
1994 Apr,21657,1302,na,na,3335,na,na,7024,3673,174,na,571,3155,na
1994 Mar,22256,1348,na,na,3476,na,na,7377,3645,169,na,557,3247,na
1994 Feb,18923,1155,na,na,2993,na,na,6053,3260,136,na,533,2702,na
1994 Jan,22209,1410,na,na,3578,na,na,7177,3633,181,na,575,3376,na
1993 Dec,22187,1433,na,na,3583,na,na,7230,3552,189,na,556,3418,na
1993 Nov,21737,1489,na,na,3379,na,na,6909,3536,236,na,561,3434,na
1993 Oct,21858,1529,na,na,3443,na,na,6933,3318,228,na,520,3675,na
1993 Sep,21488,1407,na,na,3322,na,na,7007,3385,229,na,514,3469,na
1993 Aug,21917,1372,na,na,3463,na,na,7060,3450,231,na,506,3585,na
1993 Jul,22221,1500,na,na,3491,na,na,7144,3628,197,na,479,3407,na
1993 Jun,22138,1471,na,na,3465,na,na,7122,3693,188,na,492,3486,na
1993 May,21623,1589,na,na,3381,na,na,6851,3661,188,na,482,3316,na
1993 Apr,21209,1522,na,na,3311,na,na,6660,3621,220,na,517,3353,na
1993 Mar,21796,1478,na,na,3614,na,na,6894,3657,218,na,482,3333,na
1993 Feb,20499,1383,na,na,3379,na,na,6510,3457,234,na,464,3189,na
1993 Jan,20773,1507,na,na,3353,na,na,6520,3597,202,na,506,3148,na
1992 Dec,22654,1706,na,na,3829,na,na,7047,3878,197,na,479,3478,na
1992 Nov,21373,1416,na,na,3449,na,na,6875,3510,203,na,448,3475,na
1992 Oct,22209,1417,na,na,3700,na,na,6708,3622,267,na,504,3824,na
1992 Sep,22415,1386,na,na,3573,na,na,6981,3815,267,na,472,3682,na
1992 Aug,23515,1602,na,na,3844,na,na,7411,3967,280,na,504,3516,na
1992 Jul,23612,1496,na,na,3746,na,na,7584,4030,319,na,479,3579,na
1992 Jun,22273,1537,na,na,3653,na,na,7226,3633,258,na,431,3415,na
1992 May,22106,1497,na,na,3684,na,na,6954,3815,224,na,515,3344,na
1992 Apr,21031,1532,na,na,3392,na,na,6860,3326,253,na,477,3101,na
1992 Mar,22478,1576,na,na,3610,na,na,7485,3535,184,na,451,3483,na
1992 Feb,19835,1459,na,na,3140,na,na,6393,3199,187,na,425,3098,na
1992 Jan,22034,1737,na,na,3505,na,na,7109,3664,179,na,458,3191,na
1991 Dec,21695,1539,na,na,3470,na,na,7129,3450,158,na,461,3483,na
1991 Nov,21187,1664,na,na,3409,na,na,6884,3504,168,na,425,3302,na
1991 Oct,22552,1645,na,na,3399,na,na,7287,3841,161,na,402,3700,na
1991 Sep,22296,1708,na,na,3254,na,na,7267,3909,179,na,466,3431,na
1991 Aug,21978,1654,na,na,3377,na,na,6938,3839,165,na,467,3306,na
1991 Jul,22919,1847,na,na,3460,na,na,7214,3882,202,na,486,3454,na
1991 Jun,21326,1693,na,na,3279,na,na,6754,3697,193,na,476,3038,na
1991 May,22246,1745,na,na,3443,na,na,7078,3756,193,na,512,3229,na
1991 Apr,21242,1618,na,na,3486,na,na,6855,3413,202,na,429,3022,na
1991 Mar,21738,1661,na,na,3321,na,na,7259,3429,222,na,503,3113,na
1991 Feb,18397,1353,na,na,2780,na,na,6218,2878,150,na,432,2652,na
1991 Jan,22176,1589,na,na,3475,na,na,7528,3358,251,na,501,3236,na
1990 Dec,21865,1644,na,na,3591,na,na,7144,3641,na,na,510,3146,na
1990 Nov,22456,1644,na,na,3798,na,na,7181,3644,na,na,473,3537,na
1990 Oct,23204,1660,na,na,3893,na,na,7243,3883,na,na,539,3649,na
1990 Sep,21489,1628,na,na,3487,na,na,6669,3701,na,na,500,3377,na
1990 Aug,22374,1652,na,na,3808,na,na,6778,4157,na,na,566,3196,na
1990 Jul,22290,1714,na,na,3741,na,na,6838,4143,na,na,481,3140,na
1990 Jun,21086,1498,na,na,3561,na,na,6510,3993,na,na,447,3073,na
1990 May,22213,1585,na,na,3518,na,na,6913,4279,na,na,487,3205,na
1990 Apr,20964,1583,na,na,3401,na,na,6297,3685,na,na,476,3089,na
1990 Mar,21563,1863,na,na,3469,na,na,6820,3783,na,na,512,2464,na
1990 Feb,19842,1788,na,na,3222,na,na,6139,3656,na,na,479,2125,na
1990 Jan,20195,1883,na,na,3231,na,na,6111,3786,na,na,456,2171,na
1989 Dec,20704,1983,na,na,3233,na,na,6268,3746,na,na,434,2445,na
1989 Nov,21897,2192,na,na,3335,na,na,6708,3917,na,na,464,2650,na
1989 Oct,22085,2220,na,na,3299,na,na,6814,3979,na,na,445,2721,na
1989 Sep,21647,2215,na,na,3214,na,na,6648,3960,na,na,499,2661,na
1989 Aug,21670,2084,na,na,3438,na,na,6679,3991,na,na,528,2447,na
1989 Jul,21947,2167,na,na,3296,na,na,7022,4028,na,na,492,2322,na
1989 Jun,21772,2303,na,na,3178,na,na,6852,4052,na,na,491,2408,na
1989 May,21751,2444,na,na,3229,na,na,6831,3990,na,na,446,2407,na
1989 Apr,21265,2443,na,na,3131,na,na,6635,3695,na,na,475,2354,na
1989 Mar,22118,2457,na,na,3324,na,na,6934,3679,na,na,541,2441,na
1989 Feb,18985,2072,na,na,2693,na,na,6091,3160,na,na,465,2169,na
1989 Jan,21566,2316,na,na,3045,na,na,6563,3714,na,na,557,2623,na
1988 Dec,21474,2287,na,na,2723,na,na,6965,3539,na,na,458,2821,na
1988 Nov,22104,2351,na,na,2873,na,na,7097,3521,na,na,486,3131,na
1988 Oct,23178,2490,na,na,2966,na,na,7554,3709,na,na,453,3312,na
1988 Sep,22555,2489,na,na,2803,na,na,7295,3677,na,na,485,3235,na
1988 Aug,22397,2314,na,na,2848,na,na,7104,4096,na,na,481,2937,na
1988 Jul,22304,2301,na,na,2603,na,na,7326,4015,na,na,463,2790,na
1988 Jun,22492,2571,na,na,2616,na,na,7213,4004,na,na,447,2859,na
1988 May,22059,2398,na,na,2531,na,na,6743,4348,na,na,442,2803,na
1988 Apr,22063,2555,na,na,2459,na,na,6771,4279,na,na,502,2641,na
1988 Mar,23371,2705,na,na,2770,na,na,7053,4576,na,na,531,2830,na
1988 Feb,19582,2291,na,na,2038,na,na,5987,3891,na,na,489,2412,na
1988 Jan,21801,2548,na,na,2327,na,na,6648,4303,na,na,519,2638,na
1987 Dec,21572,2551,na,na,2404,na,na,6734,4122,na,na,461,2708,na
1987 Nov,21523,2685,na,na,2264,na,na,6765,4071,na,na,485,2741,na
1987 Oct,21313,2509,na,na,2394,na,na,6427,4086,na,na,536,2778,na
1987 Sep,20682,2427,na,na,2361,na,na,6232,3957,na,na,510,2695,na
1987 Aug,20714,2376,na,na,2174,na,na,6450,3908,na,na,453,2793,na
1987 Jul,21291,2500,na,na,2342,na,na,6452,4138,na,na,485,2790,na
1987 Jun,21096,2541,na,na,2252,na,na,6214,3831,na,na,520,2994,na
1987 May,19602,2357,na,na,2032,na,na,5754,3629,na,na,469,2739,na
1987 Apr,19797,2348,na,na,2202,na,na,5761,3804,na,na,498,2686,na
1987 Mar,22173,2641,na,na,2584,na,na,6447,4128,na,na,518,2892,na
1987 Feb,19074,2188,na,na,1862,na,na,5490,4061,na,na,480,2420,na
1987 Jan,18822,2345,na,na,1864,na,na,5224,3937,na,na,493,2412,na